City_ID,City,Country,Date,Lat,Lng,Max Temp,Humidity,Cloudiness,Wind Speed
0,Luwuk,ID,2022-09-24 14:32:35,-0.9516,122.7875,75.88,86,10,4.65
1,Ilulissat,GL,2022-09-24 14:32:36,69.2167,-51.1,33.82,80,75,13.8
2,Pochutla,MX,2022-09-24 14:32:36,15.7432,-96.4661,80.82,69,93,0.94
3,Sabzevar,IR,2022-09-24 14:32:36,36.2126,57.6819,90.68,14,0,4.61
4,Ushuaia,AR,2022-09-24 14:28:40,-54.8,-68.3,40.62,75,40,11.5
5,Alice Springs,AU,2022-09-24 14:30:10,-23.7,133.8833,71.15,18,0,11.5
6,Lompoc,US,2022-09-24 14:32:37,34.6391,-120.4579,57.92,94,100,0.0
7,Lagoa,PT,2022-09-24 14:32:39,39.05,-27.9833,72.28,84,82,27.63
8,Albany,US,2022-09-24 14:29:45,42.6001,-73.9662,56.28,60,0,1.01
9,Moerai,PF,2022-09-24 14:32:40,-22.4333,-151.3333,71.11,63,84,20.69
10,Kapaa,US,2022-09-24 14:32:40,22.0752,-159.319,79.12,86,0,10.36
11,Wajir,KE,2022-09-24 14:32:40,1.7471,40.0573,94.96,24,20,9.22
12,Benghazi,LY,2022-09-24 14:32:41,32.1167,20.0667,78.64,65,100,19.75
13,Sassandra,CI,2022-09-24 14:32:41,4.95,-6.0833,80.44,74,67,9.06
14,Saint Anthony,US,2022-09-24 14:32:42,45.0205,-93.218,58.48,93,100,9.22
15,Mataura,NZ,2022-09-24 14:32:42,-46.1927,168.8643,49.48,97,100,4.41
16,Saskylakh,RU,2022-09-24 14:32:43,71.9167,114.0833,24.96,95,100,4.74
17,Bredasdorp,ZA,2022-09-24 14:32:43,-34.5322,20.0403,61.88,71,100,14.41
18,Praia,CV,2022-09-24 14:32:43,14.9215,-23.5087,82.02,74,81,9.28
19,Rikitea,PF,2022-09-24 14:32:44,-23.1203,-134.9692,70.43,68,7,13.71
20,Port Lincoln,AU,2022-09-24 14:32:44,-34.7333,135.8667,52.63,73,67,8.46
21,Salalah,OM,2022-09-24 14:32:45,17.0151,54.0924,79.57,84,66,5.82
22,Kungurtug,RU,2022-09-24 14:32:46,50.5994,97.5228,38.82,58,61,2.71
23,Norman Wells,CA,2022-09-24 14:32:46,65.282,-126.8329,28.44,93,40,6.91
24,Talcahuano,CL,2022-09-24 14:32:18,-36.7167,-73.1167,53.28,71,75,4.61
25,Muradnagar,IN,2022-09-24 14:32:47,28.7833,77.5,77.09,95,100,6.76
26,Faanui,PF,2022-09-24 14:32:47,-16.4833,-151.75,77.23,76,30,17.78
27,Thompson,CA,2022-09-24 14:32:47,55.7435,-97.8558,51.96,87,75,4.61
28,Lincoln,US,2022-09-24 14:31:59,40.8,-96.667,63.55,78,0,1.01
29,Bambous Virieux,MU,2022-09-24 14:32:48,-20.3428,57.7575,71.85,83,75,13.8
30,Martapura,ID,2022-09-24 14:32:48,-3.4167,114.85,75.29,94,40,4.61
31,Cherskiy,RU,2022-09-24 14:32:49,68.75,161.3,27.68,87,24,8.95
32,Atuona,PF,2022-09-24 14:32:49,-9.8,-139.0333,76.44,78,28,18.99
33,Mahebourg,MU,2022-09-24 14:32:50,-20.4081,57.7,71.89,83,75,13.8
34,Shaoguan,CN,2022-09-24 14:32:50,24.8,113.5833,79.86,54,76,2.19
35,Nikolskoye,RU,2022-09-24 14:32:50,59.7035,30.7861,53.49,70,98,11.86
36,Melilla,ES,2022-09-24 14:32:51,35.2937,-2.9383,88.0,57,20,13.8
37,Severo-Kurilsk,RU,2022-09-24 14:32:51,50.6789,156.125,51.82,98,100,21.7
38,Altamont,US,2022-09-24 14:32:52,42.2068,-121.7372,50.77,74,0,0.0
39,Batemans Bay,AU,2022-09-24 14:32:52,-35.7167,150.1833,51.24,94,18,3.69
40,New Norfolk,AU,2022-09-24 14:32:53,-42.7826,147.0587,42.3,84,69,1.01
41,Nome,US,2022-09-24 14:32:53,64.5011,-165.4064,42.87,87,100,5.75
42,Kieta,PG,2022-09-24 14:32:54,-6.2167,155.6333,79.12,83,100,1.7
43,Cape Town,ZA,2022-09-24 14:29:07,-33.9258,18.4232,64.11,51,0,11.5
44,Barrow,US,2022-09-24 14:32:55,71.2906,-156.7887,33.82,86,100,9.22
45,Gat,IL,2022-09-24 14:32:55,31.61,34.7642,90.39,39,0,17.72
46,Boyolangu,ID,2022-09-24 14:32:56,-8.1181,111.8935,75.45,92,48,3.91
47,Malatya,TR,2022-09-24 14:33:56,38.5,38.0,62.65,42,75,25.32
48,Bubaque,GW,2022-09-24 14:33:57,11.2833,-15.8333,80.56,80,90,12.59
49,San Policarpo,PH,2022-09-24 14:33:57,12.1791,125.5072,77.88,88,100,9.01
50,Butaritari,KI,2022-09-24 14:33:58,3.0707,172.7902,81.46,76,69,12.17
51,Aykhal,RU,2022-09-24 14:33:58,66.0,111.5,23.81,97,100,7.92
52,Escanaba,US,2022-09-24 14:29:05,45.7453,-87.0646,52.11,99,100,4.61
53,Belmonte,BR,2022-09-24 14:33:59,-15.8631,-38.8828,78.6,84,86,3.65
54,Singaparna,ID,2022-09-24 14:33:59,-7.3515,108.111,71.56,98,62,1.95
55,Hermanus,ZA,2022-09-24 14:34:00,-34.4187,19.2345,62.8,77,100,12.06
56,Alofi,NU,2022-09-24 14:29:27,-19.0595,-169.9187,73.29,78,100,8.05
57,Tuktoyaktuk,CA,2022-09-24 14:34:00,69.4541,-133.0374,32.0,86,100,9.22
58,Hithadhoo,MV,2022-09-24 14:34:01,-0.6,73.0833,81.82,72,86,5.03
59,Port Blair,IN,2022-09-24 14:32:25,11.6667,92.75,80.83,81,65,7.54
60,Jamestown,US,2022-09-24 14:30:09,42.097,-79.2353,56.01,65,20,4.61
61,Victoria,HK,2022-09-24 14:34:02,22.2855,114.1577,84.33,72,70,11.01
62,Manbij,SY,2022-09-24 14:34:02,36.5281,37.9549,77.23,37,1,17.67
63,Toyooka,JP,2022-09-24 14:34:03,35.5333,134.8333,61.45,80,45,2.91
64,Port Macquarie,AU,2022-09-24 14:34:03,-31.4333,152.9167,54.9,92,9,8.3
65,Busselton,AU,2022-09-24 14:34:04,-33.65,115.3333,53.73,62,89,1.95
66,Quatre Cocos,MU,2022-09-24 14:34:04,-20.2078,57.7625,71.71,79,25,18.07
67,Vaini,TO,2022-09-24 14:34:05,-21.2,-175.2,75.36,88,75,4.61
68,Lom Sak,TH,2022-09-24 14:34:05,16.7798,101.2422,75.09,91,100,5.68
69,Namibe,AO,2022-09-24 14:34:07,-15.1961,12.1522,67.53,72,55,12.1
70,Aasiaat,GL,2022-09-24 14:34:08,68.7098,-52.8699,35.02,66,19,24.85
71,Syracuse,IT,2022-09-24 14:32:02,37.0881,15.2792,78.39,52,7,15.01
72,Comodoro Rivadavia,AR,2022-09-24 14:34:08,-45.8667,-67.5,57.06,41,20,28.77
73,Ocean City,US,2022-09-24 14:34:09,39.2776,-74.5746,59.99,62,94,8.01
74,Arraial Do Cabo,BR,2022-09-24 14:34:09,-22.9661,-42.0278,73.36,56,20,18.41
75,Salvador,SV,2022-09-24 14:33:14,13.8333,-88.9167,77.05,80,69,2.48
76,Lensk,RU,2022-09-24 14:34:11,60.7253,114.9278,33.75,98,100,7.92
77,Port Alfred,ZA,2022-09-24 14:34:11,-33.5906,26.891,68.18,89,72,5.99
78,Upernavik,GL,2022-09-24 14:34:12,72.7868,-56.1549,28.54,62,45,4.59
79,Sao Filipe,CV,2022-09-24 14:34:12,14.8961,-24.4956,79.66,78,11,6.87
80,Kaitangata,NZ,2022-09-24 14:34:12,-46.2817,169.8464,47.1,95,100,10.09
81,Moba,CN,2022-09-24 14:34:13,33.2288,105.0179,50.7,97,100,3.31
82,Fare,PF,2022-09-24 14:34:13,-16.7,-151.0167,77.2,76,14,19.04
83,Neiafu,TO,2022-09-24 14:34:14,-18.65,-173.9833,77.68,83,20,11.5
84,Hukuntsi,BW,2022-09-24 14:34:14,-24.0,21.75,93.09,7,0,10.56
85,Moacsa,RO,2022-09-24 14:34:14,45.8667,25.9667,58.1,56,95,6.06
86,Chenzhou,CN,2022-09-24 14:34:15,25.8,113.0333,72.7,56,53,1.52
87,Mayo,US,2022-09-24 14:34:15,38.8876,-76.5119,62.98,60,0,6.91
88,Yellowknife,CA,2022-09-24 14:35:16,62.456,-114.3525,36.12,75,20,13.8
89,Waverley,ZA,2022-09-24 14:35:17,-25.7023,28.2591,88.3,14,0,8.05
90,Georgetown,MY,2022-09-24 14:35:17,5.4112,100.3354,84.88,79,20,2.3
91,Tasiilaq,GL,2022-09-24 14:35:17,65.6145,-37.6368,41.16,100,100,6.98
92,Karratha,AU,2022-09-24 14:35:18,-20.7377,116.8463,78.37,46,0,11.43
93,Pisco,PE,2022-09-24 14:30:25,-13.7,-76.2167,62.02,72,0,9.22
94,Castro,BR,2022-09-24 14:34:22,-24.7911,-50.0119,64.2,50,0,3.6
95,Hobart,AU,2022-09-24 14:35:19,-42.8794,147.3294,42.66,94,58,4.61
96,Bathsheba,BB,2022-09-24 14:35:19,13.2167,-59.5167,88.41,66,40,16.11
97,Malkapur,IN,2022-09-24 14:35:20,20.8833,76.2,76.06,82,9,4.92
98,Joshimath,IN,2022-09-24 14:35:20,30.5667,79.5667,66.04,89,100,2.3
99,Yarada,IN,2022-09-24 14:35:21,17.65,83.2667,79.12,89,75,3.44
100,Zhicheng,CN,2022-09-24 14:35:21,30.2956,111.5047,58.75,93,100,2.89
101,Bluff,NZ,2022-09-24 14:35:22,-46.6,168.3333,49.8,92,100,17.78
102,Nanortalik,GL,2022-09-24 14:35:22,60.1432,-45.2371,43.41,99,100,10.63
103,Khatanga,RU,2022-09-24 14:35:23,71.9667,102.5,23.07,87,100,5.79
104,Tavira,PT,2022-09-24 14:35:23,37.1273,-7.6486,80.28,78,82,5.99
105,Dubuque,US,2022-09-24 14:35:25,42.4833,-90.8668,54.19,85,100,9.22
106,Filottrano,IT,2022-09-24 14:35:25,43.4355,13.3514,68.29,43,98,1.01
107,Qaanaaq,GL,2022-09-24 14:35:26,77.484,-69.3632,11.01,74,57,9.86
108,Punta Arenas,CL,2022-09-24 14:35:03,-53.15,-70.9167,41.11,65,20,23.02
109,Kavieng,PG,2022-09-24 14:35:26,-2.5744,150.7967,81.39,78,28,10.76
110,Puerto Ayora,EC,2022-09-24 14:35:26,-0.7393,-90.3518,69.76,91,96,5.99
111,Korla,CN,2022-09-24 14:35:27,41.7597,86.1469,75.13,19,0,3.91
112,Havre-Saint-Pierre,CA,2022-09-24 14:35:27,50.2334,-63.5986,48.56,87,100,24.16
113,Sioux Lookout,CA,2022-09-24 14:35:28,50.1001,-91.917,53.67,87,100,6.91
114,Dikson,RU,2022-09-24 14:35:28,73.5069,80.5464,33.22,73,100,18.95
115,Tarakan,ID,2022-09-24 14:35:29,3.3,117.6333,81.9,78,40,10.36
116,Tuatapere,NZ,2022-09-24 14:35:29,-46.1333,167.6833,47.23,97,100,4.07
117,Port Hardy,CA,2022-09-24 14:35:30,50.6996,-127.4199,53.78,94,100,2.3
118,Talara,PE,2022-09-24 14:35:30,-4.5772,-81.2719,66.96,72,75,21.85
119,East London,ZA,2022-09-24 14:35:30,-33.0153,27.9116,70.74,78,0,12.66
120,Chuy,UY,2022-09-24 14:35:31,-33.6971,-53.4616,63.66,46,44,2.55
121,Hasaki,JP,2022-09-24 14:35:31,35.7333,140.8333,72.28,93,100,24.2
122,Isangel,VU,2022-09-24 14:35:32,-19.55,169.2667,75.36,87,4,6.71
123,Mareeba,AU,2022-09-24 14:35:32,-17.0,145.4333,68.72,96,49,3.13
124,Constitucion,CL,2022-09-24 14:32:41,-35.3333,-72.4167,54.99,83,98,1.19
125,Coihaique,CL,2022-09-24 14:31:43,-45.5752,-72.0662,48.81,66,75,3.44
126,Port Elizabeth,ZA,2022-09-24 14:35:33,-33.918,25.5701,68.31,74,0,8.05
127,Aksarayskiy,RU,2022-09-24 14:35:33,46.7924,48.0119,60.42,52,100,18.25
128,Elko,US,2022-09-24 14:35:34,41.0002,-115.5012,35.62,27,0,2.53
129,Padang,ID,2022-09-24 14:35:35,-0.9492,100.3543,77.47,81,100,3.4
130,Cayenne,GF,2022-09-24 14:35:35,4.9333,-52.3333,89.64,58,75,5.75
131,Tuzha,RU,2022-09-24 14:35:35,57.6062,47.936,55.63,84,30,10.76
132,Hami,CN,2022-09-24 14:35:36,42.8,93.45,73.33,12,0,6.98
133,Tsogni,GA,2022-09-24 14:35:37,-2.7942,10.0988,78.19,77,78,9.1
134,Hamilton,US,2022-09-24 14:31:08,39.1834,-84.5333,59.94,86,100,11.5
135,Tugulym,RU,2022-09-24 14:35:37,57.0591,64.6425,59.32,65,100,9.04
136,Torbay,CA,2022-09-24 14:35:36,47.6666,-52.7314,68.27,86,40,26.46
137,Mao,ES,2022-09-24 14:36:38,39.8885,4.2658,77.56,65,20,9.22
138,Bay Saint Louis,US,2022-09-24 14:36:39,30.3088,-89.33,82.06,64,0,0.0
139,Simao,CN,2022-09-24 14:36:39,22.7886,100.9748,62.96,95,75,2.39
140,Ambilobe,MG,2022-09-24 14:36:40,-13.2,49.05,78.17,53,19,11.61
141,San Vicente,AR,2022-09-24 14:36:40,-26.6167,-54.1333,68.36,32,0,3.71
142,Lebu,CL,2022-09-24 14:33:05,-37.6167,-73.65,52.99,70,8,15.64
143,Spornoye,RU,2022-09-24 14:36:41,50.8448,37.2913,50.31,68,41,10.07
144,Coquimbo,CL,2022-09-24 14:36:41,-29.9533,-71.3436,56.93,82,100,6.91
145,Miri,MY,2022-09-24 14:36:42,4.4148,114.0089,77.14,94,20,2.3
146,Kenai,US,2022-09-24 14:36:42,60.5544,-151.2583,41.14,85,20,8.05
147,Cidreira,BR,2022-09-24 14:36:42,-30.1811,-50.2056,63.36,53,0,7.54
148,Rio Gallegos,AR,2022-09-24 14:36:43,-51.6226,-69.2181,42.85,45,20,28.77
149,Lasa,IT,2022-09-24 14:36:43,46.6166,10.7002,51.69,98,100,3.94
150,Karpogory,RU,2022-09-24 14:36:44,64.0019,44.4451,42.13,56,100,10.18
151,Ariquemes,BR,2022-09-24 14:36:44,-9.9133,-63.0408,95.45,37,100,1.07
152,Takoradi,GH,2022-09-24 14:36:45,4.8845,-1.7554,79.65,81,31,11.95
153,Bengkulu,ID,2022-09-24 14:36:46,-3.8004,102.2655,75.47,89,98,3.53
154,Port Hedland,AU,2022-09-24 14:36:46,-20.3167,118.5667,78.85,65,0,11.5
155,Pemangkat,ID,2022-09-24 14:36:47,1.1667,108.9667,79.79,78,99,4.68
156,Vardo,NO,2022-09-24 14:36:47,70.3705,31.1107,49.98,81,17,18.41
157,La Paz,BO,2022-09-24 14:36:48,-16.5,-68.15,53.58,62,75,8.05
158,Chokurdakh,RU,2022-09-24 14:36:48,70.6333,147.9167,30.31,98,73,4.74
159,Ankang,CN,2022-09-24 14:36:48,32.68,109.0172,58.59,62,86,1.83
160,Geraldton,AU,2022-09-24 14:36:49,-28.7667,114.6,55.81,76,100,10.36
161,Phalaborwa,ZA,2022-09-24 14:36:49,-23.943,31.1411,88.88,30,0,8.59
162,Santana,BR,2022-09-24 14:36:50,-0.0583,-51.1817,91.58,62,0,10.36
163,Ornskoldsvik,SE,2022-09-24 14:36:50,63.2909,18.7153,54.55,87,100,9.22
164,Ancud,CL,2022-09-24 14:36:50,-41.8697,-73.8203,51.22,75,12,4.12
165,Boende,CD,2022-09-24 14:36:51,-0.2167,20.8667,73.36,88,97,4.63
166,Buin,CL,2022-09-24 14:36:51,-33.7333,-70.75,57.43,90,100,4.29
167,Balkhash,KZ,2022-09-24 14:36:52,46.844,74.9804,69.44,32,0,12.88
168,Klaksvik,FO,2022-09-24 14:36:52,62.2266,-6.589,52.72,80,100,10.49
169,Avarua,CK,2022-09-24 14:36:53,-21.2078,-159.775,71.65,73,75,11.5
170,Vestmannaeyjar,IS,2022-09-24 14:36:53,63.4427,-20.2734,52.79,100,100,18.41
171,Mamlyutka,KZ,2022-09-24 14:36:54,54.9375,68.5394,71.17,38,100,1.77
172,Atar,MR,2022-09-24 14:36:54,20.5169,-13.0499,97.32,32,100,9.82
173,Makakilo City,US,2022-09-24 14:36:54,21.3469,-158.0858,77.32,89,75,3.44
174,Pimenta Bueno,BR,2022-09-24 14:36:55,-11.6725,-61.1936,98.31,34,42,2.3
175,Camacha,PT,2022-09-24 14:36:55,33.0833,-16.3333,72.82,57,40,9.22
176,Egvekinot,RU,2022-09-24 14:36:56,66.3167,-179.1667,24.1,68,97,11.41
177,Carnarvon,AU,2022-09-24 14:36:56,-24.8667,113.6333,65.62,73,0,25.57
178,Bethel,US,2022-09-24 14:34:39,41.3712,-73.414,58.19,58,0,8.05
179,Lavrentiya,RU,2022-09-24 14:36:57,65.5833,-171.0,36.68,73,100,15.08
180,Nileshwar,IN,2022-09-24 14:36:58,12.25,75.1,79.29,81,3,6.02
181,Hamadan,IR,2022-09-24 14:36:58,34.7992,48.5146,74.41,15,0,8.32
182,Natitingou,BJ,2022-09-24 14:36:59,10.3042,1.3796,85.28,62,86,3.65
183,Cape Canaveral,US,2022-09-24 14:37:59,28.4058,-80.6048,86.07,65,0,11.5
184,Ishim,RU,2022-09-24 14:37:04,56.1128,69.4902,65.98,49,100,6.24
185,Saint-Philippe,RE,2022-09-24 14:38:00,-21.3585,55.7679,72.99,83,20,14.94
186,Itarema,BR,2022-09-24 14:38:00,-2.9248,-39.9167,86.5,57,72,16.58
187,Sao Joao Da Barra,BR,2022-09-24 14:38:01,-21.6403,-41.0511,77.09,55,81,14.83
188,Tarnos,FR,2022-09-24 14:38:01,43.5417,-1.4628,64.58,86,75,6.91
189,Mar Del Plata,AR,2022-09-24 14:38:02,-38.0023,-57.5575,66.22,42,0,12.66
190,Gizo,SB,2022-09-24 14:38:02,-8.103,156.8419,82.0,76,100,6.69
191,Mana,GF,2022-09-24 14:38:03,5.6592,-53.7767,87.84,58,83,5.77
192,Ballina,AU,2022-09-24 14:37:12,-28.8667,153.5667,61.02,99,0,7.94
193,Villaviciosa,ES,2022-09-24 14:38:03,43.4813,-5.4357,63.16,77,85,4.94
194,Longyearbyen,SJ,2022-09-24 14:38:04,78.2186,15.6401,39.04,81,75,11.5
195,Sola,VU,2022-09-24 14:38:04,-13.8833,167.55,80.29,80,79,14.7
196,Boa Vista,BR,2022-09-24 14:35:26,2.8197,-60.6733,89.58,58,20,6.91
197,Acapulco,MX,2022-09-24 14:35:29,16.8634,-99.8901,80.42,83,75,3.44
198,Provideniya,RU,2022-09-24 14:38:05,64.3833,-173.3,36.68,71,100,8.55
199,Baruun-Urt,MN,2022-09-24 14:38:06,46.6806,113.2792,43.12,90,9,7.96
200,Samagaltay,RU,2022-09-24 14:38:06,50.6022,95.0047,43.34,47,68,8.23
201,Igrim,RU,2022-09-24 14:38:07,63.1906,64.4162,38.07,72,83,7.34
202,Ribeira Grande,PT,2022-09-24 14:38:07,38.5167,-28.7,73.8,88,40,26.46
203,Narsaq,GL,2022-09-24 14:38:08,60.9167,-46.05,50.22,99,100,3.98
204,Evensk,RU,2022-09-24 14:38:08,61.95,159.2333,36.48,66,6,9.75
205,Hilo,US,2022-09-24 14:34:24,19.7297,-155.09,77.29,84,75,4.61
206,Bacolod,PH,2022-09-24 14:35:58,10.6667,122.95,77.43,90,100,8.1
207,Charters Towers,AU,2022-09-24 14:38:10,-20.1,146.2667,67.62,90,0,7.16
208,Mhlume,SZ,2022-09-24 14:38:11,-26.0333,31.85,85.84,41,0,9.46
209,Russell,US,2022-09-24 14:38:11,32.3502,-85.1999,72.01,44,0,4.65
210,Esperance,AU,2022-09-24 14:38:12,-33.8667,121.9,53.78,60,42,11.12
211,Pevek,RU,2022-09-24 14:38:12,69.7008,170.3133,30.79,72,100,16.13
212,Port Pirie,AU,2022-09-24 14:38:14,-33.1833,138.0167,54.16,55,1,4.83
213,Santa Rita,BR,2022-09-24 14:38:14,-7.1139,-34.9781,84.87,58,75,12.66
214,Kiunga,PG,2022-09-24 14:38:15,-6.1219,141.2906,72.43,89,100,2.37
215,Iquitos,PE,2022-09-24 14:34:35,-3.7481,-73.2472,77.04,88,75,4.61
216,Suntar,RU,2022-09-24 14:38:15,62.1444,117.6319,32.49,95,99,4.76
217,Marsh Harbour,BS,2022-09-24 14:35:36,26.5412,-77.0636,82.74,71,7,10.83
218,Novozybkov,RU,2022-09-24 14:38:16,52.5396,31.9275,52.57,79,100,13.04
219,Vila Franca Do Campo,PT,2022-09-24 14:38:16,37.7167,-25.4333,73.81,77,100,13.62
220,Svetlogorsk,BY,2022-09-24 14:38:17,52.6333,29.7333,51.44,77,86,12.21
221,Margate,GB,2022-09-24 14:38:17,51.3813,1.3862,64.31,71,91,8.01
222,Zenzeli,RU,2022-09-24 14:38:18,45.9241,47.0474,59.47,56,100,14.7
223,Tautira,PF,2022-09-24 14:38:18,-17.7333,-149.15,75.13,80,49,20.89
224,Metkovic,HR,2022-09-24 14:38:19,43.0542,17.6483,72.07,43,63,9.17
225,Alekseyevsk,RU,2022-09-24 14:38:19,57.8406,108.3492,30.67,87,71,2.82
226,Nardaran,AZ,2022-09-24 14:38:19,40.5561,50.0056,74.84,73,20,6.91
227,Sucila,MX,2022-09-24 14:39:20,21.15,-88.3167,85.57,63,23,5.12
228,Shahr-E Babak,IR,2022-09-24 14:39:20,30.1165,55.1186,77.63,13,0,9.8
229,Taoudenni,ML,2022-09-24 14:39:21,22.6783,-3.9836,109.99,11,57,7.02
230,Lata,PT,2022-09-24 14:39:21,40.1629,-8.3327,75.07,37,0,13.11
231,Santa Maria,BR,2022-09-24 14:39:22,-29.6842,-53.8069,63.7,45,0,8.05
232,Bundaberg,AU,2022-09-24 14:39:22,-24.85,152.35,62.22,95,0,5.95
233,Manavalakurichi,IN,2022-09-24 14:39:23,8.1333,77.3,79.77,81,22,15.95
234,Charleston,US,2022-09-24 14:39:23,32.7766,-79.9309,79.02,57,0,5.75
235,Seversk,RU,2022-09-24 14:39:23,56.6006,84.8864,45.55,87,100,4.38
236,Nemuro,JP,2022-09-24 14:39:24,43.3236,145.575,62.38,92,79,10.42
237,Iqaluit,CA,2022-09-24 14:39:24,63.7506,-68.5145,33.53,74,20,8.05
238,Torit,SS,2022-09-24 14:39:25,4.4133,32.5678,83.44,56,49,5.23
239,Kayerkan,RU,2022-09-24 14:39:25,69.3497,87.7602,28.53,100,99,16.46
240,Arbagar,RU,2022-09-24 14:39:26,51.9438,116.2805,40.41,56,36,5.1
241,Bisira,PA,2022-09-24 14:39:26,8.5196,-81.7115,70.66,70,94,0.27
242,Guerrero Negro,MX,2022-09-24 14:39:26,27.9769,-114.0611,73.94,73,0,9.22
243,Bandarbeyla,SO,2022-09-24 14:39:27,9.4942,50.8122,77.14,86,99,24.76
244,Salym,RU,2022-09-24 14:39:27,60.0625,71.4789,37.76,85,14,4.03
245,Vrangel,RU,2022-09-24 14:39:28,42.7297,133.0839,56.17,82,0,7.4
246,Marawi,PH,2022-09-24 14:39:28,7.9986,124.2928,69.4,94,100,4.61
247,Quirinopolis,BR,2022-09-24 14:39:29,-18.4483,-50.4517,82.35,21,6,5.08
248,San Patricio,US,2022-09-24 14:39:29,28.017,-97.5169,85.89,63,72,6.67
249,Saint George,US,2022-09-24 14:39:30,37.1041,-113.5841,61.39,44,0,0.0
250,Kidal,ML,2022-09-24 14:39:30,18.4411,1.4078,104.34,13,50,4.5
251,Jaciara,BR,2022-09-24 14:39:30,-15.9653,-54.9683,94.03,30,93,2.95
252,Ostrovnoy,RU,2022-09-24 14:39:31,68.0531,39.5131,40.89,75,100,12.15
253,Kemijarvi,FI,2022-09-24 14:39:31,66.7131,27.4306,48.15,63,95,5.66
254,Kodiak,US,2022-09-24 14:39:32,57.79,-152.4072,42.31,81,75,0.0
255,Christchurch,NZ,2022-09-24 14:35:46,-43.5333,172.6333,49.91,83,75,4.61
256,Clyde River,CA,2022-09-24 14:39:32,70.4692,-68.5914,28.63,64,75,2.3
257,Naila,DE,2022-09-24 14:39:33,50.3167,11.7,64.62,56,0,5.75
258,Shakawe,BW,2022-09-24 14:39:33,-18.3667,21.85,98.1,10,10,11.18
259,Solnechnyy,RU,2022-09-24 14:39:34,50.7214,136.6319,47.98,96,100,10.16
260,Penzance,GB,2022-09-24 14:37:20,50.1186,-5.5371,61.77,67,20,18.41
261,Ahipara,NZ,2022-09-24 14:39:35,-35.1667,173.1667,54.66,78,67,7.05
262,Mikulov,CZ,2022-09-24 14:39:35,48.8056,16.6378,63.97,92,99,4.76
263,Masterton,NZ,2022-09-24 14:39:35,-40.9597,175.6575,52.88,99,100,5.59
264,Bud,US,2022-09-24 14:39:36,39.447,-86.1758,60.89,83,89,11.12
265,Te Anau,NZ,2022-09-24 14:39:36,-45.4167,167.7167,44.11,96,98,1.43
266,Capinzal,BR,2022-09-24 14:39:36,-27.3436,-51.6119,67.6,39,0,2.62
267,Abu Samrah,SY,2022-09-24 14:39:37,35.3029,37.1841,78.06,41,0,17.72
268,Ponta Do Sol,PT,2022-09-24 14:39:37,32.6667,-17.1,75.83,69,100,5.55
269,Broome,US,2022-09-24 14:39:38,42.2506,-75.833,56.08,73,0,5.75
270,Port-Gentil,GA,2022-09-24 14:39:38,-0.7193,8.7815,78.76,89,100,14.97
271,Brownsville,US,2022-09-24 14:36:07,25.9018,-97.4975,86.92,81,0,2.3
272,Roald,NO,2022-09-24 14:39:39,62.5833,6.1333,56.75,71,75,4.61
273,Naryan-Mar,RU,2022-09-24 14:40:40,67.6713,53.087,37.22,71,83,8.34
274,Muros,ES,2022-09-24 14:40:41,42.7762,-9.0603,68.85,54,3,17.0
275,Atkinson,US,2022-09-24 14:40:41,42.8384,-71.147,59.45,54,0,16.11
276,Tezu,IN,2022-09-24 14:40:41,27.9167,96.1667,72.63,97,100,3.42
277,Fairbanks,US,2022-09-24 14:40:42,64.8378,-147.7164,39.31,94,100,4.61
278,Mount Gambier,AU,2022-09-24 14:40:42,-37.8333,140.7667,38.66,87,98,5.7
279,Beringovskiy,RU,2022-09-24 14:40:43,63.05,179.3167,36.93,86,55,13.13
280,Yar-Sale,RU,2022-09-24 14:40:44,66.8333,70.8333,30.79,77,71,8.79
281,Musoma,TZ,2022-09-24 14:40:44,-1.5,33.8,78.82,61,20,12.66
282,Antalaha,MG,2022-09-24 14:40:44,-14.9003,50.2788,69.93,90,72,6.93
283,Corinto,GR,2022-09-24 14:40:45,37.9407,22.9573,73.89,29,0,2.66
284,Carson City,US,2022-09-24 14:36:17,39.1638,-119.7674,65.01,83,0,3.44
285,Kalmunai,LK,2022-09-24 14:40:46,7.4167,81.8167,81.97,74,98,5.64
286,Sergeyevka,KZ,2022-09-24 14:40:47,53.88,67.4158,72.57,32,99,2.68
287,San Cristobal,VE,2022-09-24 14:40:47,7.7669,-72.225,73.58,55,90,6.38
288,Kez,RU,2022-09-24 14:40:48,57.8979,53.7152,59.79,69,100,9.98
289,Souillac,MU,2022-09-24 14:40:50,-20.5167,57.5167,71.98,83,75,13.8
290,Xining,CN,2022-09-24 14:40:50,36.6167,101.7667,51.89,65,49,2.04
291,Vao,NC,2022-09-24 14:40:50,-22.6667,167.4833,72.77,84,5,12.39
292,Deer Lake,CA,2022-09-24 14:40:51,49.1667,-57.4316,66.06,59,75,35.68
293,Voh,NC,2022-09-24 14:40:51,-20.9667,164.7,70.07,91,6,3.11
294,Shiraz,IR,2022-09-24 14:40:52,29.6036,52.5388,89.04,12,0,4.61
295,Malabo,GQ,2022-09-24 14:38:42,3.75,8.7833,79.97,80,76,5.68
296,Port Keats,AU,2022-09-24 14:40:52,-14.25,129.55,80.22,87,96,6.26
297,Chilliwack,CA,2022-09-24 14:38:23,49.1747,-121.9443,55.92,92,83,2.77
298,Newton,US,2022-09-24 14:40:44,42.337,-71.2092,60.82,49,0,13.8
299,Naze,JP,2022-09-24 14:40:53,28.3667,129.4833,74.32,79,75,6.89
300,Flinders,AU,2022-09-24 14:40:54,-34.5833,150.8552,56.17,90,77,3.0
301,Togur,RU,2022-09-24 14:40:54,58.3631,82.8265,36.57,97,99,3.62
302,Komsomolskiy,UZ,2022-09-24 14:40:54,40.4272,71.7189,79.52,34,0,4.61
303,San Carlos De Bariloche,AR,2022-09-24 14:39:49,-41.1456,-71.3082,46.24,61,0,3.44
304,Mandeville,JM,2022-09-24 14:40:55,18.0417,-77.5071,82.13,58,100,4.14
305,Muriwai Beach,NZ,2022-09-24 14:40:55,-36.8167,174.45,56.43,82,77,7.7
306,Inhambane,MZ,2022-09-24 14:40:56,-23.865,35.3833,77.02,61,0,11.01
307,Kirakira,SB,2022-09-24 14:40:56,-10.4544,161.9205,78.66,84,64,5.97
308,Xochihuehuetlan,MX,2022-09-24 14:40:57,17.9167,-98.4333,72.55,69,52,1.59
309,Henties Bay,NA,2022-09-24 14:40:57,-22.116,14.2845,59.81,72,78,11.43
310,Mamallapuram,IN,2022-09-24 14:40:58,12.6264,80.1722,89.65,72,64,10.31
311,Aklavik,CA,2022-09-24 14:40:58,68.2191,-135.0107,37.4,93,75,6.91
312,Poplar Bluff,US,2022-09-24 14:37:29,36.757,-90.3929,73.33,64,0,8.05
313,Puerto Maldonado,PE,2022-09-24 14:40:59,-12.6,-69.1833,77.4,53,0,3.44
314,Presidencia Roque Saenz Pena,AR,2022-09-24 14:40:59,-26.7852,-60.4388,74.05,26,37,9.37
315,Sibiu,RO,2022-09-24 14:41:00,45.8,24.15,61.29,42,40,1.14
316,Sorland,NO,2022-09-24 14:41:00,67.667,12.6934,51.66,81,39,10.2
317,Chara,RU,2022-09-24 14:41:01,56.9064,118.2631,30.4,92,98,1.59
318,Olafsvik,IS,2022-09-24 14:42:01,64.8945,-23.7142,52.03,95,100,33.46
319,Balkanabat,TM,2022-09-24 14:42:02,39.5108,54.3671,85.1,38,0,4.81
320,Ishigaki,JP,2022-09-24 14:42:02,24.3448,124.1572,80.73,89,100,13.8
321,Talnakh,RU,2022-09-24 14:42:02,69.4865,88.3972,29.21,87,87,6.93
322,Bridge Of Weir,GB,2022-09-24 14:42:03,55.85,-4.5833,63.09,62,40,5.75
323,Biak,ID,2022-09-24 14:42:03,-0.9131,122.8766,75.51,84,19,5.5
324,Barabinsk,RU,2022-09-24 14:42:04,55.3571,78.357,58.98,49,99,7.94
325,Santa Isabel,BR,2022-09-24 14:39:12,-23.3156,-46.2214,65.5,32,0,5.61
326,Kaya,BF,2022-09-24 14:42:05,13.0917,-1.0844,92.61,43,56,0.31
327,Barreiros,BR,2022-09-24 14:38:47,-8.8183,-35.1864,83.97,56,75,10.09
328,Asau,RO,2022-09-24 14:42:05,46.4333,26.4,60.28,56,95,1.77
329,Mehamn,NO,2022-09-24 14:42:06,71.0357,27.8492,53.51,71,100,16.11
330,Chicama,PE,2022-09-24 14:42:06,-7.8447,-79.1469,57.74,66,72,9.48
331,Matagami,CA,2022-09-24 14:42:07,49.7502,-77.6328,50.11,71,0,2.3
332,Gigmoto,PH,2022-09-24 14:42:07,13.7796,124.39,78.55,90,100,8.72
333,Duayaw Nkwanta,GH,2022-09-24 14:42:08,7.1724,-2.1028,81.95,70,96,1.21
334,Fortuna,US,2022-09-24 14:40:23,40.5982,-124.1573,53.98,80,5,2.73
335,Volot,RU,2022-09-24 14:42:08,57.9278,30.7025,51.26,64,100,14.9
336,Tangshan,CN,2022-09-24 14:42:09,39.6333,118.1833,62.47,40,100,6.8
337,Sahuaripa,MX,2022-09-24 14:42:09,29.05,-109.2333,75.97,77,12,1.34
338,Pangnirtung,CA,2022-09-24 14:42:10,66.1451,-65.7125,33.8,60,75,4.61
339,Williston,US,2022-09-24 14:42:10,48.147,-103.618,54.34,43,99,8.43
340,Bohodukhiv,UA,2022-09-24 14:42:11,50.1647,35.5276,52.21,66,65,12.01
341,Troitsko-Pechorsk,RU,2022-09-24 14:42:11,62.7084,56.1964,39.87,81,75,9.28
342,Tura,IN,2022-09-24 14:42:12,25.5198,90.2201,73.67,95,100,3.85
343,Teya,RU,2022-09-24 14:42:12,60.3778,92.6267,30.51,98,100,2.93
344,Grand Gaube,MU,2022-09-24 14:42:13,-20.0064,57.6608,72.0,78,5,8.01
345,Carutapera,BR,2022-09-24 14:42:13,-1.195,-46.02,86.59,60,97,6.85
346,Mitsamiouli,KM,2022-09-24 14:42:14,-11.3847,43.2844,82.69,61,40,10.36
347,Krasnoarmeysk,RU,2022-09-24 14:42:14,51.0239,45.6969,55.65,54,99,7.76
348,Wladyslawowo,PL,2022-09-24 14:42:14,54.7909,18.4009,61.93,56,100,9.66
349,Tamandare,BR,2022-09-24 14:40:19,-8.7597,-35.1047,83.08,58,67,10.47
350,Moose Factory,CA,2022-09-24 14:42:15,51.2585,-80.6094,51.8,76,0,8.05
351,Hohhot,CN,2022-09-24 14:42:15,40.8106,111.6522,48.49,49,0,4.47
352,Uvira,CD,2022-09-24 14:42:16,-3.4067,29.1458,83.5,51,50,2.98
353,Dharchula,IN,2022-09-24 14:42:16,29.85,80.5333,68.68,84,85,4.05
354,Tateyama,JP,2022-09-24 14:42:17,34.9833,139.8667,74.1,92,96,19.13
355,Niihama,JP,2022-09-24 14:42:17,33.9593,133.3167,69.89,77,90,10.96
356,Yurty,RU,2022-09-24 14:42:18,56.0498,97.6348,31.8,90,32,4.45
357,Konya,TR,2022-09-24 14:42:18,38.1667,32.5,63.88,24,23,10.16
358,Rocha,UY,2022-09-24 14:42:19,-34.4833,-54.3333,66.9,48,70,0.63
359,Rio Grande,BR,2022-09-24 14:38:35,-32.035,-52.0986,69.91,54,0,4.88
360,Paamiut,GL,2022-09-24 14:42:19,61.994,-49.6678,39.67,84,98,21.47
361,Salvacion,PH,2022-09-24 14:42:20,7.9833,126.1333,73.98,95,100,2.15
362,Jalu,LY,2022-09-24 14:42:20,29.0331,21.5482,93.22,27,63,13.56
363,Vanimo,PG,2022-09-24 14:43:20,-2.6741,141.3028,75.54,86,60,4.21
364,Hualmay,PE,2022-09-24 14:43:21,-11.0964,-77.6139,65.1,72,69,12.1
365,Fjerritslev,DK,2022-09-24 14:43:22,57.0813,9.2664,63.9,66,0,3.09
366,Tabas,IR,2022-09-24 14:43:23,33.5959,56.9244,97.02,10,0,6.91
367,Maceio,BR,2022-09-24 14:42:23,-9.6658,-35.7353,85.44,61,75,12.66
368,Rio Claro,BR,2022-09-24 14:39:46,-22.4114,-47.5614,74.77,26,1,6.44
369,Slonim,BY,2022-09-24 14:43:24,53.0867,25.3219,54.09,58,23,5.23
370,Manggar,ID,2022-09-24 14:43:24,-2.8833,108.2667,80.06,81,100,10.27
371,Pueblo Nuevo,MX,2022-09-24 14:43:25,23.3833,-105.3833,63.23,72,39,3.04
372,Fort Nelson,CA,2022-09-24 14:41:43,58.8053,-122.7002,33.39,86,20,4.61
373,Qandala,SO,2022-09-24 14:43:25,11.472,49.8728,86.86,59,100,1.61
374,Coahuayana,MX,2022-09-24 14:43:26,18.7333,-103.6833,81.84,76,27,1.03
375,Dingle,PH,2022-09-24 14:43:26,10.9995,122.6711,76.71,89,100,2.42
376,Sao Sebastiao,BR,2022-09-24 14:43:27,-23.76,-45.4097,68.88,59,2,4.07
377,Leningradskiy,RU,2022-09-24 14:43:27,69.3833,178.4167,28.83,92,100,16.84
378,Montepuez,MZ,2022-09-24 14:43:27,-13.1256,38.9997,84.13,30,85,8.93
379,Stockelsdorf,DE,2022-09-24 14:41:20,53.8905,10.6258,57.85,92,75,2.3
380,Murray Bridge,AU,2022-09-24 14:43:28,-35.1167,139.2667,46.13,77,4,5.46
381,Rudsar,IR,2022-09-24 14:43:29,37.1376,50.288,80.58,80,4,5.08
382,Kavaratti,IN,2022-09-24 14:43:29,10.5669,72.642,82.08,74,4,12.41
383,Katsuura,JP,2022-09-24 14:43:29,35.1333,140.3,73.2,95,100,20.8
384,Chulman,RU,2022-09-24 14:43:30,56.8479,124.9104,33.57,98,100,6.98
385,Half Moon Bay,US,2022-09-24 14:43:30,37.4636,-122.4286,71.26,78,0,0.0
386,Antofagasta,CL,2022-09-24 14:40:11,-23.65,-70.4,60.08,65,1,7.92
387,Aitape,PG,2022-09-24 14:43:31,-3.1374,142.3475,75.36,85,81,5.44
388,Sturgeon Bay,US,2022-09-24 14:43:31,44.8342,-87.377,52.16,93,100,0.0
389,Cabo San Lucas,MX,2022-09-24 14:43:32,22.8909,-109.9124,83.52,75,35,1.99
390,Petropavlovsk-Kamchatskiy,RU,2022-09-24 14:43:32,53.0452,158.6483,45.19,87,75,6.71
391,Uaua,BR,2022-09-24 14:43:32,-9.8414,-39.4817,92.21,35,0,7.87
392,Oistins,BB,2022-09-24 14:43:33,13.0667,-59.5333,87.89,66,40,16.11
393,Luderitz,NA,2022-09-24 14:43:34,-26.6481,15.1594,64.06,57,87,17.6
394,Silvino Lobos,PH,2022-09-24 14:43:34,12.3,124.8333,74.89,98,100,3.33
395,Dapitan,PH,2022-09-24 14:43:34,8.6464,123.4208,78.91,87,100,11.21
396,Rawson,AR,2022-09-24 14:43:35,-43.3002,-65.1023,57.76,38,35,12.28
397,Omboue,GA,2022-09-24 14:43:35,-1.5746,9.2618,78.57,78,99,11.63
398,Kloulklubed,PW,2022-09-24 14:43:36,7.0419,134.2556,79.3,72,100,9.42
399,Nioro,GM,2022-09-24 14:43:37,13.35,-15.75,86.77,66,100,3.65
400,Carmen,MX,2022-09-24 14:43:37,18.6333,-91.8333,80.64,83,75,5.75
401,Southbridge,US,2022-09-24 14:43:37,42.0751,-72.0334,60.15,61,0,4.0
402,Yumen,CN,2022-09-24 14:43:38,40.2833,97.2,63.95,14,3,8.9
403,Merauke,ID,2022-09-24 14:43:38,-8.4667,140.3333,77.41,85,76,10.76
404,Sao Felix Do Xingu,BR,2022-09-24 14:43:39,-6.6447,-51.995,101.41,26,3,2.21
405,Zeya,RU,2022-09-24 14:43:39,53.75,127.2667,49.57,69,100,7.45
406,Byron Bay,AU,2022-09-24 14:43:40,-28.65,153.6167,60.94,75,0,9.17
407,Marienburg,PL,2022-09-24 14:43:40,54.0359,19.0266,63.84,52,100,4.21
408,Port Antonio,JM,2022-09-24 14:43:40,18.18,-76.4612,88.0,73,97,7.49
409,Fukue,JP,2022-09-24 14:44:41,32.6881,128.8419,72.73,67,77,22.21
410,Asyut,EG,2022-09-24 14:44:41,27.181,31.1837,107.78,12,0,15.99
411,Point Pleasant,US,2022-09-24 14:44:42,40.0832,-74.0682,58.15,65,0,12.66
412,Lakes Entrance,AU,2022-09-24 14:44:42,-37.8811,147.981,47.16,93,4,9.78
413,Kruisfontein,ZA,2022-09-24 14:44:43,-34.0033,24.7314,64.47,62,99,7.74
414,Klerksdorp,ZA,2022-09-24 14:44:43,-26.8521,26.6667,86.79,17,4,14.76
415,Mount Isa,AU,2022-09-24 14:44:44,-20.7333,139.5,69.57,26,0,9.22
416,Wad Madani,SD,2022-09-24 14:44:44,14.4012,33.5199,90.91,41,14,4.0
417,Borogontsy,RU,2022-09-24 14:44:45,62.6683,131.1683,38.98,96,100,7.74
418,Buluang,PH,2022-09-24 14:44:46,13.3068,123.3425,76.39,95,100,4.9
419,Copiapo,CL,2022-09-24 14:44:46,-27.3667,-70.3333,55.09,41,100,5.57
420,Gimli,CA,2022-09-24 14:44:47,50.6336,-96.9907,53.62,94,88,4.61
421,Villa Guerrero,MX,2022-09-24 14:44:48,18.8667,-99.65,67.28,72,14,1.28
422,Kuruman,ZA,2022-09-24 14:43:27,-27.4524,23.4325,90.0,7,1,21.23
423,Kamenka,RU,2022-09-24 14:44:48,51.3223,42.7678,55.54,53,98,8.79
424,Faya,SA,2022-09-24 14:44:50,18.3851,42.4509,79.32,25,70,15.59
425,Waingapu,ID,2022-09-24 14:44:50,-9.6567,120.2641,79.14,83,100,3.58
426,Airai,TL,2022-09-24 14:44:51,-8.9266,125.4092,60.57,80,22,2.21
427,Jimma,ET,2022-09-24 14:44:51,7.6667,36.8333,64.58,90,49,1.77
428,Raga,SS,2022-09-24 14:44:52,8.4596,25.678,81.32,82,37,1.95
429,Richards Bay,ZA,2022-09-24 14:44:52,-28.783,32.0377,76.68,69,0,15.73
430,Sibu,MY,2022-09-24 14:44:53,2.3,111.8167,75.51,94,40,5.01
431,Rogers,US,2022-09-24 14:44:53,36.3668,-95.5836,80.74,53,0,8.05
432,Ulladulla,AU,2022-09-24 14:44:53,-35.35,150.4667,53.76,86,50,2.82
433,Ilinskiy,RU,2022-09-24 14:44:54,55.619,38.1182,48.54,93,100,4.47
434,Pontianak,ID,2022-09-24 14:44:54,-0.0333,109.3333,78.78,100,40,1.14
435,Dondo,MZ,2022-09-24 14:44:55,-19.6094,34.7431,80.11,55,6,12.37
436,Bilma,NE,2022-09-24 14:44:55,18.6853,12.9164,105.48,8,14,8.7
437,Eureka,US,2022-09-24 14:44:56,40.8021,-124.1637,54.25,80,3,1.99
438,Turukhansk,RU,2022-09-24 14:44:56,65.8167,87.9833,28.09,97,98,8.55
439,Awbari,LY,2022-09-24 14:44:57,26.5921,12.7805,92.16,22,67,7.43
440,Hesla,IN,2022-09-24 14:44:57,24.0667,85.8833,79.02,83,100,2.51
441,Kongolo,CD,2022-09-24 14:44:58,-5.3833,27.0,92.84,29,81,0.31
442,Launceston,AU,2022-09-24 14:44:58,-41.45,147.1667,44.8,92,36,6.91
443,Liverpool,GB,2022-09-24 14:44:12,53.4106,-2.9779,62.74,72,40,9.22
444,Dergachi,RU,2022-09-24 14:44:59,51.2328,48.7659,60.78,41,100,11.41
445,Orito,CO,2022-09-24 14:44:59,0.6766,-76.8771,79.39,74,100,2.19
446,Batagay-Alyta,RU,2022-09-24 14:45:00,67.8006,130.4114,22.96,81,46,0.96
447,San Ignacio,BZ,2022-09-24 14:45:01,17.1561,-89.0714,78.94,83,75,0.0
448,Batticaloa,LK,2022-09-24 14:45:01,7.7102,81.6924,82.29,75,98,7.16
449,Ketchikan,US,2022-09-24 14:45:02,55.3422,-131.6461,52.27,93,100,0.0
450,Shu,KZ,2022-09-24 14:45:02,43.5983,73.7614,73.33,26,0,8.68
451,Pangody,RU,2022-09-24 14:45:03,65.85,74.4859,31.14,79,65,8.48
452,Kahului,US,2022-09-24 14:45:03,20.8947,-156.47,77.85,73,0,5.75
453,Celestun,MX,2022-09-24 14:46:04,20.8667,-90.4,83.55,68,23,5.12
454,Hernani,ES,2022-09-24 14:46:04,43.2662,-1.9762,62.2,80,75,10.36
455,Cockeysville,US,2022-09-24 14:46:05,39.4812,-76.6439,61.12,67,80,1.01
456,Roebourne,AU,2022-09-24 14:46:05,-20.7833,117.1333,80.2,37,0,10.74
457,Bobbili,IN,2022-09-24 14:46:06,18.5667,83.3667,79.52,80,51,1.52
458,Kokorevka,RU,2022-09-24 14:46:06,52.5872,34.2778,47.34,90,100,10.71
459,Tabou,CI,2022-09-24 14:46:07,4.423,-7.3528,80.1,76,85,8.61
460,Portland,US,2022-09-24 14:46:07,45.5234,-122.6762,56.7,91,20,3.44
461,Mackay,AU,2022-09-24 14:46:07,-21.15,149.2,73.69,86,4,2.48
462,Smoky Lake,CA,2022-09-24 14:46:08,54.1169,-112.4686,43.52,75,0,6.91
463,Jerome,US,2022-09-24 14:46:09,42.7241,-114.5186,54.45,70,0,4.61
464,Neryungri,RU,2022-09-24 14:46:09,56.6709,124.6491,33.8,96,100,6.89
465,Moncton,CA,2022-09-24 14:41:17,46.1159,-64.8019,47.32,94,100,24.16
466,Grindavik,IS,2022-09-24 14:46:10,63.8424,-22.4338,54.07,94,100,31.07
467,Lorengau,PG,2022-09-24 14:46:10,-2.0226,147.2712,82.11,75,100,7.78
468,Haines Junction,CA,2022-09-24 14:46:11,60.7522,-137.5108,42.75,70,99,5.75
469,Hambantota,LK,2022-09-24 14:46:11,6.1241,81.1185,84.54,65,20,8.05
470,Ocos,GT,2022-09-24 14:46:11,14.5094,-92.1933,78.98,83,84,5.97
471,Isla Del Bosque,MX,2022-09-24 14:46:12,22.7333,-105.85,81.18,85,84,4.03
472,Male,MV,2022-09-24 14:46:13,4.1748,73.5089,84.15,79,75,12.66
473,Arman,RU,2022-09-24 14:46:13,59.7,150.1667,35.78,67,70,11.21
474,Pokoynoye,RU,2022-09-24 14:46:14,44.8097,44.2517,52.79,88,100,10.47
475,Touros,BR,2022-09-24 14:46:14,-5.1989,-35.4608,85.21,54,48,14.36
476,Saldanha,ZA,2022-09-24 14:46:15,-33.0117,17.9442,62.65,73,100,13.44
477,Doha,QA,2022-09-24 14:46:15,25.2867,51.5333,98.91,35,0,17.27
478,Valparaiso,CL,2022-09-24 14:46:16,-33.0393,-71.6273,57.47,92,75,3.44
479,Front Royal,US,2022-09-24 14:41:43,38.9182,-78.1944,61.57,69,75,4.61
480,Prince Rupert,CA,2022-09-24 14:45:21,54.3161,-130.3201,56.89,89,100,24.16
481,Brae,GB,2022-09-24 14:46:17,60.3964,-1.353,51.93,68,100,9.98
482,Nassau,US,2022-09-24 14:46:17,40.7507,-73.5829,61.88,55,0,9.22
483,Mehriz,IR,2022-09-24 14:46:18,31.5917,54.4318,88.3,13,0,4.43
484,Hofn,IS,2022-09-24 14:46:18,64.2539,-15.2082,54.55,83,99,7.45
485,Camocim,BR,2022-09-24 14:46:19,-2.9022,-40.8411,89.17,53,45,12.1
486,San Andres,CO,2022-09-24 14:46:19,12.5847,-81.7006,86.02,74,20,6.91
487,Jatai,BR,2022-09-24 14:41:36,-17.8814,-51.7144,83.07,28,7,5.44
488,Ulagan,RU,2022-09-24 14:46:20,50.6321,87.9563,46.15,80,53,2.06
489,Obama,JP,2022-09-24 14:46:20,35.4958,135.746,65.95,70,14,10.8
490,Usinsk,RU,2022-09-24 14:46:21,65.9939,57.5281,34.14,74,7,11.43
491,La Ronge,CA,2022-09-24 14:46:21,55.1001,-105.2842,46.65,71,20,8.05
492,Awjilah,LY,2022-09-24 14:46:22,29.1081,21.2869,92.34,29,77,13.22
493,Menongue,AO,2022-09-24 14:46:22,-14.6585,17.691,96.69,10,17,8.5
494,Palora,EC,2022-09-24 14:46:23,-1.7,-77.9333,68.11,89,99,2.48
495,Chitral,PK,2022-09-24 14:46:23,35.8462,71.7858,73.24,54,55,3.91
496,Sechura,PE,2022-09-24 14:46:24,-5.5569,-80.8222,70.77,61,38,10.76
497,La Romana,DO,2022-09-24 14:46:25,18.4273,-68.9728,84.56,79,75,9.22
498,San Carlos,VE,2022-09-24 14:47:26,9.6612,-68.5827,84.2,72,55,4.12
499,Urambo,TZ,2022-09-24 14:47:26,-5.0667,32.05,90.54,16,62,6.98
500,Sibolga,ID,2022-09-24 14:47:27,1.7427,98.7792,76.78,86,100,2.57
501,Axim,GH,2022-09-24 14:47:27,4.8699,-2.2405,80.8,74,44,10.94
502,Nurota,UZ,2022-09-24 14:47:29,40.5614,65.6886,76.35,17,0,5.93
503,Eyl,SO,2022-09-24 14:47:30,7.9803,49.8164,77.65,81,58,19.44
504,Pacific Grove,US,2022-09-24 14:43:28,36.6177,-121.9166,53.71,100,75,0.0
505,Puerto Escondido,MX,2022-09-24 14:47:30,15.85,-97.0667,83.21,68,47,1.14
506,Bullhead City,US,2022-09-24 14:47:31,35.1478,-114.5683,85.08,24,0,8.01
507,Shenkursk,RU,2022-09-24 14:47:31,62.1091,42.896,46.22,73,100,11.86
508,Mendi,PG,2022-09-24 14:47:32,-6.1761,143.6513,56.28,99,98,1.74
509,Gadag,IN,2022-09-24 14:47:32,15.4167,75.6167,73.94,77,19,13.98
510,Tshikapa,CD,2022-09-24 14:47:33,-6.4167,20.8,81.61,62,100,4.45
511,Buala,SB,2022-09-24 14:47:33,-8.145,159.5921,79.65,78,31,2.01
512,Tame,CO,2022-09-24 14:47:33,6.461,-71.73,82.9,69,68,2.86
513,Cocobeach,GA,2022-09-24 14:47:34,1.0002,9.5823,78.85,83,97,12.3
514,Kulhudhuffushi,MV,2022-09-24 14:47:34,6.6221,73.07,82.78,73,58,12.97
515,Noumea,NC,2022-09-24 14:47:35,-22.2763,166.4572,66.18,85,0,5.53
516,Texiguat,HN,2022-09-24 14:47:35,13.6497,-87.0225,75.36,77,83,3.53
517,Cairns,AU,2022-09-24 14:47:35,-16.9167,145.7667,75.15,90,75,3.44
518,Nouadhibou,MR,2022-09-24 14:47:36,20.931,-17.0347,84.18,79,100,14.97
519,Nushki,PK,2022-09-24 14:47:36,29.5542,66.0215,83.37,11,2,3.38
520,Hit,IQ,2022-09-24 14:47:37,33.6416,42.8251,90.72,22,0,13.89
521,Tiksi,RU,2022-09-24 14:47:37,71.6872,128.8694,32.83,85,84,16.49
522,Tigil,RU,2022-09-24 14:47:38,57.8,158.6667,39.11,90,100,6.82
523,Benguela,AO,2022-09-24 14:47:38,-12.5763,13.4055,73.0,76,54,11.05
524,Kamaishi,JP,2022-09-24 14:47:39,39.2667,141.8833,62.11,83,13,6.64
525,Yanam,IN,2022-09-24 14:47:39,16.7333,82.2167,78.71,86,100,4.18
526,Mayumba,GA,2022-09-24 14:47:40,-3.432,10.6554,77.0,82,93,7.96
527,Sarakhs,IR,2022-09-24 14:47:40,36.5449,61.1577,80.94,10,0,5.7
528,Julio De Castilhos,BR,2022-09-24 14:47:40,-29.2269,-53.6817,59.13,56,0,8.5
529,Chandvad,IN,2022-09-24 14:47:41,20.3333,74.25,69.53,91,25,7.7
530,Trairi,BR,2022-09-24 14:47:41,-3.2778,-39.2689,83.48,61,84,11.74
531,Guanica,PR,2022-09-24 14:47:42,17.9716,-66.908,91.53,72,100,12.46
532,Klyuchi,RU,2022-09-24 14:44:10,52.2667,79.1667,62.44,33,59,5.84
533,Shirokiy,RU,2022-09-24 14:47:43,49.758,129.523,47.32,78,14,3.78
534,Oktyabrskoye,RU,2022-09-24 14:47:43,43.0645,44.7417,50.14,93,100,4.47
535,Dakar,SN,2022-09-24 14:47:44,14.6937,-17.4441,86.88,74,75,11.5
536,Shimoda,JP,2022-09-24 14:47:44,34.6667,138.95,72.1,89,99,15.59
537,Wukari,NG,2022-09-24 14:47:45,7.85,9.7833,86.41,61,78,4.09
538,Prenzlau,DE,2022-09-24 14:47:45,53.3167,13.8667,51.4,89,100,2.06
539,Newala,TZ,2022-09-24 14:47:46,-10.9431,39.2787,72.59,60,99,7.34
540,Gobabis,NA,2022-09-24 14:47:47,-22.45,18.9667,91.83,5,0,11.86
541,Gravdal,NO,2022-09-24 14:47:47,68.1214,13.5031,51.69,87,40,3.44
542,Itoman,JP,2022-09-24 14:47:47,26.1247,127.6694,82.42,83,75,11.5
543,Mangrol,IN,2022-09-24 14:47:48,21.1167,70.1167,80.6,76,24,9.69
544,Mossendjo,CG,2022-09-24 14:47:48,-2.9506,12.7261,89.22,43,84,3.58
545,Tres Picos,MX,2022-09-24 14:47:49,15.8667,-93.5333,82.94,75,95,2.42
546,Kashi,CN,2022-09-24 14:48:49,39.4547,75.9797,69.01,37,75,13.42
547,Banda Aceh,ID,2022-09-24 14:48:50,5.5577,95.3222,79.45,79,73,12.41
548,Nenjiang,CN,2022-09-24 14:48:50,49.1833,125.2167,52.48,59,12,11.99
549,Huinan,CN,2022-09-24 14:48:51,42.6225,126.2614,48.11,78,32,4.81
550,Krasnyy Luch,UA,2022-09-24 14:48:51,48.1395,38.9371,50.77,76,100,13.65
551,Arawa,PG,2022-09-24 14:48:52,-6.2132,155.5367,76.96,90,100,0.45
552,Gusev,RU,2022-09-24 14:48:52,54.5922,22.1997,57.67,64,62,5.21
553,Soc Trang,VN,2022-09-24 14:48:53,9.6033,105.98,78.31,90,79,5.44
554,Yaviza,PA,2022-09-24 14:48:53,8.1537,-77.6931,86.05,69,75,1.16
555,Naron,ES,2022-09-24 14:47:39,43.5167,-8.1528,67.05,69,14,13.51
556,Basco,PH,2022-09-24 14:48:54,20.4487,121.9702,81.81,82,53,22.73
557,Powell,US,2022-09-24 14:48:55,40.1578,-83.0752,61.12,78,100,6.91
558,Caxito,AO,2022-09-24 14:48:55,-8.5785,13.6643,83.23,54,74,13.04
559,Hosdurga,IN,2022-09-24 14:48:55,13.7981,76.2861,72.59,77,3,11.88
560,Pauini,BR,2022-09-24 14:48:56,-7.7136,-66.9764,92.84,44,100,1.54
561,Sitka,US,2022-09-24 14:48:56,57.0531,-135.33,51.69,93,100,5.84
562,Whitehorse,CA,2022-09-24 14:48:57,60.7161,-135.0538,42.03,67,75,12.66
563,Waldkraiburg,DE,2022-09-24 14:48:57,48.2085,12.3989,61.56,95,100,5.68
564,Filingue,NE,2022-09-24 14:48:58,14.3521,3.3168,100.47,24,10,4.34
565,Gander,CA,2022-09-24 14:48:58,48.9682,-54.5906,69.93,60,40,36.82
